{
  "Sol/Venus": {
    "Anning Paterae": { "size": 100 },
    "Antiope Linea": { "size": 1300 },
    "Becuma Mons": { "size": 300 },
    "Guor Linea": { "size": 1300 },
    "Hippolyta Linea": { "size": 1300 },
    "Kara Linea": { "size": 1300 },
    "Maslenitsa Corona": { "size": 350 },
    "Minerva Fossae": { "size": 750 },
    "Molpadia Linea": { "size": 1300 },
    "Neago Fluctus": { "size": 650 },
    "Tethus Regio": { "size": 2500 }
  },
  "Sol/Earth/Moon": {
    "Mons Agnes": { "size": 1 },
    "Planitia Descensus": { "size": 1 }
  },
  "Sol/Mars": {
    "Candor Chaos": { "size": 97 },
    "Xanthe Dorsa": { "size": 2700 }
  },
  "Sol/Jupiter/Io": {
    "Kanehekili": { "size": 100 },
    "Loki": { "size": 200 },
    "Pele": { "size": 200 },
    "Surt": { "size": 50 }
  },
  "Sol/Saturn/Enceladus": {
    "Ahmad": { "longlat": [49.03970, 60.19390, 0] },
    "Ajib": { "longlat": [121.25440, 64.18655, 0] },
    "Aladdin": { "longlat": [-21.95084, 64.40044, 0] },
    "Al-Bakbuk": { "longlat": [168.71039, 6.26541, 0] },
    "Al-Fakik": { "longlat": [53.22502, 37.90674, 0] },
    "Al-Haddar": { "longlat": [159.41313, 52.03613, 0] },
    "Ali Baba": { "longlat": [-18.10146, 58.98558, 0] },
    "Al-Kuz": { "longlat": [-177.65874, -19.51199, 0] },
    "Al-Mustazi": { "longlat": [158.52495, -21.70966, 0] },
    "Ayyub": { "longlat": [64.73224, 40.57462, 0] },
    "Aziz": { "longlat": [11.98403, 18.68411, 0] },
    "Bahman": { "longlat": [-61.03545, 15.68951, 0] },
    "Behram": { "longlat": [179.36728, -15.85428, 0] },
    "Dalilah": { "longlat": [111.23202, 53.79995, 0] },
    "Duban": { "longlat": [79.40389, 59.24192, 0] },
    "Dunyazad": { "longlat": [159.10797, 43.95425, 0] },
    "Fitnah": { "longlat": [69.94728, 47.03268, 0] },
    "Ghanim": { "longlat": [78.88431, 40.72021, 0] },
    "Gharib": { "longlat": [114.40422, 82.59093, 0] },
    "Harun": { "longlat": [134.82927, 38.94348, 0] },
    "Hassan": { "longlat": [171.91264, -32.59557, 0] },
    "Hisham": { "longlat": [79.46883, 49.73954, 0] },
    "Ishak": { "longlat": [135.49026, 50.49027, 0] },
    "Ja’afar": { "longlat": [23.01250, 36.58786, 0] },
    "Jansha": { "longlat": [-158.43143, -31.97306, 0] },
    "Julnar": { "longlat": [13.03495, 56.08375, 0] },
    "Kamar": { "longlat": [-32.63858, -41.65908, 0] },
    "Kasim": { "longlat": [-171.96449, 44.21896, 0] },
    "Khusrau": { "longlat": [174.60274, -3.62286, 0] },
    "Ma’aruf": { "longlat": [26.17028, -38.74598, 0] },
    "Marjanah": { "longlat": [56.75949, 40.52876, 0] },
    "Masrur": { "longlat": [65.44990, 68.26898, 0] },
    "Morgiana": { "longlat": [164.47366, 34.02407, 0] },
    "Musa": { "longlat": [-11.88641, 75.14964, 0] },
    "Mustafa": { "longlat": [175.95674, -31.84428, 0] },
    "Omar": { "longlat": [86.12510, 19.24371, 0] },
    "Otbah": { "longlat": [-159.35132, -41.49223, 0] },
    "Parwez": { "longlat": [-25.32110, 24.73281, 0] },
    "Peri-Banu": { "longlat": [41.21590, 63.95425, 0] },
    "Perizadah": { "longlat": [-156.73213, -22.03860, 0] },
    "Rayya": { "longlat": [-177.85905, -33.50962, 0] },
    "Sabur": { "longlat": [64.09791, -24.96225, 0] },
    "Salih": { "longlat": [-4.44541, -6.09719, 0] },
    "Samad": { "longlat": [-0.41301, 63.68732, 0] },
    "Shahrazad": { "longlat": [159.16997, 49.04706, 0] },
    "Shahryar": { "longlat": [133.10609, 60.32542, 0] },
    "Shakashik": { "longlat": [179.43071, -18.00751, 0] },
    "Sharrkan": { "longlat": [57.89388, 17.71135, 0] },
    "Shirin": { "longlat": [-172.40788, -2.00186, 0] },
    "Sindbad": { "longlat": [146.94518, 69.39179, 0] },
    "Yunan": { "longlat": [74.24496, 55.05325, 0] },
    "Zaynab": { "longlat": [-28.57987, 70.48708, 0] },
    "Zumurrud": { "longlat": [178.81595, -22.82547, 0] }
  },
  "Sol/Saturn/Epimetheus": {
    "Hilairea": { "size": 30, "longlat": [-217, -24, -3] },
    "Pollux": { "size": 30, "longlat": [-266, -42, -6] }
  },
  "Sol/Saturn/Janus": {
    "Castor": { "size": 30, "longlat": [-256, 5, -5] },
    "Idas": { "size": 40, "longlat": [-332, -27, -2] },
    "Lynceus": { "size": 30, "longlat": [-272, 14, -7] },
    "Phoibe": { "size": 30, "longlat": [-349, 55, 4] }
  },
  "Sol/Saturn/Rhea": {
    "Aananin": { "size": 50 },
    "Adjua": { "size": 50 },
    "Agunua": { "size": 50 },
    "Ameta": { "size": 50 },
    "Arunaka": { "size": 50 },
    "Atum": { "size": 100 },
    "Bulagat": { "size": 100 },
    "Bumba": { "size": 150 },
    "Burkhan": { "size": 150 },
    "Cassini Regio": { "size": 1000 },
    "Con": { "size": 100 },
    "Djuli": { "size": 150 },
    "Ellyay": { "size": 150 },
    "Faro": { "size": 150 },
    "Haik": { "size": 100 },
    "Haoso": { "size": 100 },
    "Heller": { "size": 100 },
    "Iraca": { "size": 100 },
    "Izanagi": { "size": 200 },
    "Izanami": { "size": 100 },
    "Jumo": { "size": 30 },
    "Karora": { "size": 50 },
    "Khado": { "size": 50 },
    "Kiho": { "size": 150 },
    "Kumpara": { "size": 30 },
    "Leza": { "size": 150 },
    "Lowa": { "size": 30 },
    "Malunga": { "size": 30 },
    "Manoid": { "size": 30 },
    "Melo": { "size": 100 },
    "Mubai": { "size": 30 },
    "Num": { "size": 50 },
    "Ormazd": { "size": 200 },
    "Pan Ku": { "size": 50 },
    "Pedn": { "size": 100 },
    "Qat": { "size": 150 },
    "Sholmo": { "size": 50 },
    "Taaroa": { "size": 50 },
    "Thunupa": { "size": 50 },
    "Tika": { "size": 50 },
    "Tirawa": { "size": 300 },
    "Tore": { "size": 30 },
    "Torom": { "size": 150 },
    "Uku": { "size": 50 },
    "Whanin": { "size": 100 },
    "Wuraka": { "size": 30 },
    "Xamba": { "size": 150 },
    "Xu": { "size": 50 },
    "Yu-Ti": { "size": 100 }
  },
  "Sol/Saturn/Hyperion": {
    "Bahloo": { "size": 20, "longlat": [-60.58273, -10.23906, 0] },
    "Bond-Lassell Dorsum": { "size": 250, "longlat": [-67.83818, 36.77771, 0] },
    "Helios": { "size": 60, "longlat": [12.73017, -43.77032, 0] },
    "Jarilo": { "size": 30, "longlat": [-38.00317, 6.32920, 0] },
    "Meri": { "size": 30, "longlat": [-52.16679, -44.20109, 0] }
  },
  "Sol/Saturn/Iapetus": {
    "Cassini Regio": { "size": 1000}
  },
  "Sol/Saturn/Phoebe": {
    "Acastus": { "longlat": [-146.77882, 5.10949, 0]},
    "Admetus": { "longlat": [-47.66148, 7.67492, 0]},
    "Amphion": { "longlat": [-6.82064, -31.23367, 0]},
    "Butes": { "longlat": [78.23960, -58.64519, 0]},
    "Clytius": { "longlat": [176.45442, 38.49506, 0]},
    "Erginus": { "longlat": [15.00848, 27.68548, 0]},
    "Euphemus": { "longlat": [26.08242, -38.42411, 0]},
    "Eurydamas": { "longlat": [96.82091, -68.12915, 0]},
    "Eurytion": { "longlat": [-16.62570, -34.08942, 0]},
    "Hylas": { "longlat": [1.42162, 8.87930, 0]},
    "Iphitus": { "longlat": [70.75912, -32.43931, 0]},
    "Jason": { "longlat": [35.60968, 13.50632, 0]},
    "Mopsus": { "longlat": [-111.76723, 3.02033, 0]},
    "Peleus": { "longlat": [174.00339, 15.68774, 0]},
    "Phlias": { "longlat": [-2.56730, 1.13327, 0]},
    "Talaus": { "longlat": [31.46920, -61.58591, 0]},
    "Telamon": { "longlat": [-98.00624, -48.18813, 0]},
    "Zetes": { "longlat": [126.86182, -22.91456, 0]}
  },
  "Sol/Uranus/Puck": {
    "Bogle": { "size": 45, "longlat": [115, 12, 0] },
    "Butz": { "size": 20, "longlat": [25, 41, 0] },
    "Lob": { "size": 20, "longlat": [63, 29, 0] }
  },
  "Sol/Neptune/Proteus": {
    "Pharos": { "size": 255, "longlat": [-5, -25, 0] }
  },
  "Sol/Neptune/Triton": {
    "Abatos Planum": { "size": 400 },
    "Akupara Maculae": { "size": 100 },
    "Amarum": { "size": 25 },
    "Andvari": { "size": 25 },
    "Apep Cavus": { "size": 25 },
    "Awib Dorsa": { "size": 100 },
    "Bheki Cavus": { "size": 25 },
    "Bia Sulci": { "size": 200 },
    "Boynne Sulci": { "size": 500 },
    "Bubembe Regio": { "size": 700 },
    "Cay": { "size": 25 },
    "Cipango Planum": { "size": 300 },
    "Dagon Cavus": { "size": 25 },
    "Dilolo Patera": { "size": 25 },
    "Doro Macula": { "size": 100 },
    "Gandvik Patera": { "size": 25 },